"","year","management","n","bm_av","bm_se","den_av","den_se","l_av","l_se"
"1","2015","Control",7,1950.98523809524,286.129924649539,25.547619047619,0.970949928766842,13.9888071511643,0.651267867950221
"2","2015","FPA",4,2607.91875,394.203721115589,37.75,5.19682060922296,13.7160404465245,0.424468512088801
"3","2017","Control",7,2972.98064058957,436.222244062695,30.1020408163265,3.23661394975994,15.1370519604156,0.659138344276824
"4","2017","FPA",4,5131.43831845238,1149.08332913358,38.2708333333333,7.2973299597703,16.3266623916751,0.73270887353688
"5","2019","Control",7,2219.23883447319,417.858337416748,29.9177489177489,2.82819157131037,12.6027850553739,0.741669836991403
"6","2019","FPA",4,3216.68487095067,308.857395693539,36.4890046296296,4.50213365013263,14.8596392082251,0.590857541309719
