"","year","management","n","bm_av","bm_se","den_av","den_se","l_av","l_se"
"1","2015","Control",7,3112.57509851502,313.211675244902,25.547619047619,0.970949928766842,13.9888071511643,0.651267867950221
"2","2015","FPA",4,3953.06244681567,448.545572366178,37.75,5.19682060922296,13.7160404465245,0.424468512088801
"3","2017","Control",7,4245.01276315006,663.156003891041,30.1020408163265,3.23661394975994,15.1370519604156,0.659138344276824
"4","2017","FPA",4,7736.03286769866,2187.67389199909,38.2708333333333,7.2973299597703,16.3266623916751,0.73270887353688
"5","2019","Control",7,3297.8790948619,784.116198048997,43.2901077097506,5.64620237168522,12.4179387851886,0.831206917996402
"6","2019","FPA",4,5067.27628034205,510.128028218163,57.9027777777778,8.9097086905587,14.2956882693515,0.431457825470561
